[
    {
        "pk": 1,
        "model": "demoscene.releaser",
        "fields": {
            "name": "Gasman",
            "is_group": false,
            "location": "Kidlington, UK",
            "country_code": "UK",
            "first_name": "Matt",
            "surname": "",
            "created_at": "2014-01-01",
            "updated_at": "2014-01-01"
        }
    },
    {
        "pk": 1,
        "model": "demoscene.nick",
        "fields": {"releaser": 1, "name": "Gasman"}
    },
    {
        "pk": 1,
        "model": "demoscene.nickvariant",
        "fields": {"nick": 1, "name": "Gasman", "search_title": "gasman"}
    },
    {
        "pk": 2,
        "model": "demoscene.nick",
        "fields": {"releaser": 1, "name": "Shingebis"}
    },
    {
        "pk": 2,
        "model": "demoscene.nickvariant",
        "fields": {"nick": 2, "name": "Shingebis", "search_title": "shingebis"}
    },

    {
        "pk": 2,
        "model": "demoscene.releaser",
        "fields": {
            "name": "Raww Arse",
            "is_group": true,
            "created_at": "2014-01-01",
            "updated_at": "2014-01-01"
        }
    },
    {
        "pk": 3,
        "model": "demoscene.nick",
        "fields": {"releaser": 2, "name": "Raww Arse", "abbreviation": "RA"}
    },
    {
        "pk": 3,
        "model": "demoscene.nickvariant",
        "fields": {"nick": 3, "name": "Raww Arse", "search_title": "raww arse"}
    },
    {
        "pk": 8,
        "model": "demoscene.nickvariant",
        "fields": {"nick": 3, "name": "RA", "search_title": "ra"}
    },

    {
        "pk": 3,
        "model": "demoscene.releaser",
        "fields": {
            "name": "Papaya Dezign",
            "is_group": true,
            "locked": true,
            "created_at": "2014-01-01",
            "updated_at": "2014-01-01"
        }
    },
    {
        "pk": 4,
        "model": "demoscene.nick",
        "fields": {"releaser": 3, "name": "Papaya Dezign"}
    },
    {
        "pk": 4,
        "model": "demoscene.nickvariant",
        "fields": {"nick": 4, "name": "Papaya Dezign", "search_title": "papaya dezign"}
    },

    {
        "pk": 4,
        "model": "demoscene.releaser",
        "fields": {
            "name": "Hooy-Program",
            "is_group": true,
            "created_at": "2014-01-01",
            "updated_at": "2014-01-01"
        }
    },
    {
        "pk": 5,
        "model": "demoscene.nick",
        "fields": {"releaser": 4, "name": "Hooy-Program", "abbreviation": "H-Prg"}
    },
    {
        "pk": 5,
        "model": "demoscene.nickvariant",
        "fields": {"nick": 5, "name": "Hooy-Program", "search_title": "hooy program"}
    },

    {
        "pk": 5,
        "model": "demoscene.releaser",
        "fields": {
            "name": "Yerzmyey",
            "is_group": false,
            "locked": true,
            "created_at": "2014-01-01",
            "updated_at": "2014-01-01"
        }
    },
    {
        "pk": 6,
        "model": "demoscene.nick",
        "fields": {"releaser": 5, "name": "Yerzmyey"}
    },
    {
        "pk": 6,
        "model": "demoscene.nickvariant",
        "fields": {"nick": 6, "name": "Yerzmyey", "search_title": "yerzmyey"}
    },

    {
        "pk": 6,
        "model": "demoscene.releaser",
        "fields": {
            "name": "LaesQ",
            "is_group": false,
            "created_at": "2014-01-01",
            "updated_at": "2014-01-01"
        }
    },
    {
        "pk": 7,
        "model": "demoscene.nick",
        "fields": {"releaser": 6, "name": "LaesQ"}
    },
    {
        "pk": 7,
        "model": "demoscene.nickvariant",
        "fields": {"nick": 7, "name": "LaesQ", "search_title": "laesq"}
    },

    {
        "pk": 7,
        "model": "demoscene.releaser",
        "fields": {
            "name": "Ra",
            "is_group": false,
            "created_at": "2014-01-01",
            "updated_at": "2014-01-01"
        }
    },
    {
        "pk": 8,
        "model": "demoscene.nick",
        "fields": {"releaser": 7, "name": "Ra"}
    },
    {
        "pk": 9,
        "model": "demoscene.nickvariant",
        "fields": {"nick": 8, "name": "Ra", "search_title": "ra"}
    },

    {
        "pk": 8,
        "model": "demoscene.releaser",
        "fields": {
            "name": "Abyss",
            "is_group": false,
            "created_at": "2014-01-01",
            "updated_at": "2014-01-01"
        }
    },
    {
        "pk": 9,
        "model": "demoscene.nick",
        "fields": {"releaser": 8, "name": "Abyss"}
    },
    {
        "pk": 10,
        "model": "demoscene.nickvariant",
        "fields": {"nick": 9, "name": "Abyss", "search_title": "abyss"}
    },

    {
        "pk": 9,
        "model": "demoscene.releaser",
        "fields": {
            "name": "Future Crew",
            "is_group": true,
            "created_at": "2014-01-01",
            "updated_at": "2014-01-01"
        }
    },
    {
        "pk": 10,
        "model": "demoscene.nick",
        "fields": {"releaser": 9, "name": "Future Crew"}
    },
    {
        "pk": 11,
        "model": "demoscene.nickvariant",
        "fields": {"nick": 10, "name": "Future Crew", "search_title": "future crew"}
    },

    {
        "pk": 1,
        "model": "demoscene.membership",
        "fields": {"member": 1, "group": 2}
    },
    {
        "pk": 2,
        "model": "demoscene.membership",
        "fields": {"member": 1, "group": 4}
    },
    {
        "pk": 3,
        "model": "demoscene.membership",
        "fields": {"member": 3, "group": 2}
    },
    {
        "pk": 4,
        "model": "demoscene.membership",
        "fields": {"member": 5, "group": 4}
    },
    {
        "pk": 5,
        "model": "demoscene.membership",
        "fields": {"member": 5, "group": 2, "is_current": false}
    },
    {
        "pk": 6,
        "model": "demoscene.membership",
        "fields": {"member": 6, "group": 2}
    },
    {
        "pk": 7,
        "model": "demoscene.membership",
        "fields": {"member": 6, "group": 3}
    },
    {
        "pk": 8,
        "model": "demoscene.membership",
        "fields": {"member": 8, "group": 9}
    },

    {
        "pk": 1,
        "model": "productions.production",
        "fields": {
            "title": "Madrielle",
            "supertype": "production",
            "release_date_date": "2000-03-18",
            "release_date_precision": "d",
            "author_nicks": [1],
            "author_affiliation_nicks": [3],
            "platforms": [1],
            "types": [3],
            "created_at": "2014-01-01",
            "updated_at": "2014-01-01",
            "has_bonafide_edits": true
        }
    },
    {
        "pk": 2,
        "model": "productions.production",
        "fields": {
            "title": "Mooncheese",
            "supertype": "production",
            "author_nicks": [2],
            "types": [1],
            "locked": true,
            "created_at": "2014-01-01",
            "updated_at": "2014-01-01"
        }
    },
    {
        "pk": 3,
        "model": "productions.production",
        "fields": {
            "title": "Laesq24 Giftro",
            "supertype": "production",
            "author_nicks": [4],
            "platforms": [1],
            "types": [2],
            "created_at": "2014-01-01",
            "updated_at": "2014-01-01"
        }
    },
    {
        "pk": 4,
        "model": "productions.production",
        "fields": {
            "title": "Pondlife",
            "search_title": "pondlife",
            "supertype": "production",
            "release_date_date": "2001-03-19",
            "release_date_precision": "d",
            "author_nicks": [3, 5],
            "platforms": [1],
            "types": [1],
            "created_at": "2014-01-01",
            "updated_at": "2014-01-01"
        }
    },

    {
        "pk": 5,
        "model": "productions.production",
        "fields": {
            "title": "Cybernoid's Revenge",
            "search_title": "cybernoids revenge",
            "supertype": "music",
            "release_date_date": "2001-03-19",
            "release_date_precision": "d",
            "author_nicks": [1],
            "platforms": [1],
            "types": [29],
            "created_at": "2014-01-01",
            "updated_at": "2014-01-01"
        }
    },

    {
        "pk": 6,
        "model": "productions.production",
        "fields": {
            "title": "Skyrider",
            "search_title": "skyrider",
            "supertype": "graphics",
            "release_date_date": "2001-03-19",
            "release_date_precision": "d",
            "author_nicks": [1],
            "platforms": [1],
            "types": [23],
            "created_at": "2014-01-01",
            "updated_at": "2014-01-01"
        }
    },

    {
        "pk": 7,
        "model": "productions.production",
        "fields": {
            "title": "The Brexecutable Music Compo Is Over",
            "supertype": "production",
            "release_date_date": "2019-04-20",
            "release_date_precision": "d",
            "author_nicks": [5],
            "platforms": [1],
            "types": [1],
            "created_at": "2020-01-01",
            "updated_at": "2020-01-01"
        }
    },

    {
        "pk": 1,
        "model": "productions.credit",
        "fields": {
            "production": 4,
            "nick": 1,
            "category": "Code"
        }
    },

    {
        "pk": 1,
        "model": "productions.soundtracklink",
        "fields": {
            "production": 4,
            "soundtrack": 5,
            "position": 1
        }
    },

    {
        "pk": 1,
        "model": "parties.partyseries",
        "fields": {
            "name": "Forever"
        }
    },

    {
        "pk": 1,
        "model": "parties.partyseriesexternallink",
        "fields": {
            "party_series": 1,
            "link_class": "BaseUrl",
            "parameter": "http://forever.zeroteam.sk/"
        }
    },

    {
        "pk": 2,
        "model": "parties.partyseries",
        "fields": {
            "name": "Revision"
        }
    },

    {
        "pk": 1,
        "model": "parties.party",
        "fields": {
            "party_series": 1,
            "name": "Forever 2e3",
            "search_title": "forever 2e3",
            "start_date_date": "2000-03-17",
            "start_date_precision": "d",
            "end_date_date": "2000-03-19",
            "end_date_precision": "d"
        }
    },

    {
        "pk": 2,
        "model": "parties.party",
        "fields": {
            "party_series": 2,
            "name": "Revision 2011",
            "search_title": "revision 2011",
            "start_date_date": "2011-04-22",
            "start_date_precision": "d",
            "end_date_date": "2011-04-25",
            "end_date_precision": "d"
        }
    },

    {
        "pk": 1,
        "model": "parties.organiser",
        "fields": {
            "releaser": 1,
            "party": 2,
            "role": "Compo team"
        }
    },

    {
        "pk": 1,
        "model": "parties.competition",
        "fields": {
            "party": 1,
            "name": "ZX 1K Intro"
        }
    },
    {
        "pk": 1,
        "model": "parties.competitionplacing",
        "fields": {
            "competition": 1,
            "production": 1,
            "ranking": "2",
            "position": 1,
            "score": "96"
        }
    },
    {
        "pk": 1,
        "model": "awards.event",
        "fields": {
            "name": "The Meteoriks 2020",
            "slug": "meteoriks-2020",
            "eligibility_start_date": "2019-01-01",
            "eligibility_end_date": "2019-12-31",
            "recommendations_enabled": true,
            "reporting_enabled": true
        }
    },
    {
        "pk": 1,
        "model": "awards.category",
        "fields": {
            "name": "Best High-End Demo",
            "slug": "high-end",
            "event": 1,
            "position": 1,
            "platforms": [2]
        }
    },
    {
        "pk": 2,
        "model": "awards.category",
        "fields": {
            "name": "Best Low-End Production",
            "slug": "low-end",
            "event": 1,
            "position": 2,
            "platforms": [1]
        }
    },
    {
        "pk": 3,
        "model": "awards.category",
        "fields": {
            "name": "Outstanding Concept",
            "slug": "outstanding-concept",
            "event": 1,
            "position": 3
        }
    },
    {
        "pk": 1,
        "model": "bbs.bbs",
        "fields": {
            "name": "StarPort",
            "search_title": "starport",
            "location": "Helsinki, Finland",
            "country_code": "FI"
        }
    },
    {
        "pk": 1,
        "model": "bbs.name",
        "fields": {
            "bbs": 1,
            "name": "StarPort"
        }
    },
    {
        "pk": 2,
        "model": "bbs.name",
        "fields": {
            "bbs": 1,
            "name": "Star Port episode IV: A New Hope"
        }
    },
    {
        "pk": 1,
        "model": "bbs.operator",
        "fields": {
            "bbs": 1,
            "releaser": 8,
            "role": "sysop"
        }
    },
    {
        "pk": 1,
        "model": "bbs.affiliation",
        "fields": {
            "bbs": 1,
            "group": 9,
            "role": "010-whq"
        }
    },
    {
        "pk": 1,
        "model": "bbs.bbsexternallink",
        "fields": {
            "bbs": 1,
            "link_class": "PouetBBS",
            "parameter": "116"
        }
    },
    {
        "pk": 1,
        "model": "tournaments.tournament",
        "fields": {
            "party": 1,
            "name": "Shader Showdown",
            "source_file_name": "2000_z80_showdown_forever.json"
        }
    },
    {
        "pk": 1,
        "model": "tournaments.phase",
        "fields": {
            "tournament": 1,
            "name": "Final",
            "position": 0
        }
    },
    {
        "pk": 1,
        "model": "tournaments.entry",
        "fields": {
            "phase": 1,
            "nick": 1,
            "position": 0,
            "ranking": 2,
            "score": "50"
        }
    },
    {
        "pk": 2,
        "model": "tournaments.entry",
        "fields": {
            "phase": 1,
            "nick": 6,
            "position": 1,
            "ranking": 1,
            "score": "100"
        }
    },
    {
        "pk": 1,
        "model": "tournaments.phasestaffmember",
        "fields": {
            "phase": 1,
            "nick": 7,
            "role": "dj_set"
        }
    }
]
